dep,date_de_passage,sursaut_cl_age_corona,nbre_pass_corona,nbre_pass_tot,nbre_hospit_corona,nbre_pass_corona_h,nbre_pass_corona_f,nbre_pass_tot_h,nbre_pass_tot_f,nbre_hospit_corona_h,nbre_hospit_corona_f,nbre_acte_corona,nbre_acte_tot,nbre_acte_corona_h,nbre_acte_corona_f
1,2020-02-24,0,0,357,0,0,0,202,155,0,0,,,,
1,2020-02-24,1,0,31,0,,,,,,,,,,
1,2020-02-24,2,0,42,0,,,,,,,,,,
1,2020-02-24,3,0,155,0,,,,,,,,,,
1,2020-02-24,4,0,61,0,,,,,,,,,,
1,2020-02-24,5,0,28,0,,,,,,,,,,
1,2020-02-24,6,0,40,0,,,,,,,,,,
1,2020-02-25,0,0,310,0,0,0,177,133,0,0,,,,
1,2020-02-25,1,0,34,0,,,,,,,,,,
1,2020-02-25,2,0,36,0,,,,,,,,,,
1,2020-02-25,3,0,117,0,,,,,,,,,,
1,2020-02-25,4,0,53,0,,,,,,,,,,
1,2020-02-25,5,0,29,0,,,,,,,,,,
1,2020-02-25,6,0,41,0,,,,,,,,,,
1,2020-02-26,0,0,366,0,0,0,193,173,0,0,,,,
1,2020-02-26,1,0,44,0,,,,,,,,,,
1,2020-02-26,2,0,35,0,,,,,,,,,,
1,2020-02-26,3,0,125,0,,,,,,,,,,
1,2020-02-26,4,0,67,0,,,,,,,,,,
1,2020-02-26,5,0,36,0,,,,,,,,,,
1,2020-02-26,6,0,59,0,,,,,,,,,,
1,2020-02-27,0,0,321,0,0,0,178,143,0,0,,,,
1,2020-02-27,1,0,48,0,,,,,,,,,,
1,2020-02-27,2,0,29,0,,,,,,,,,,
1,2020-02-27,3,0,112,0,,,,,,,,,,
1,2020-02-27,4,0,70,0,,,,,,,,,,
1,2020-02-27,5,0,21,0,,,,,,,,,,
1,2020-02-27,6,0,41,0,,,,,,,,,,
1,2020-02-28,0,0,339,0,0,0,166,173,0,0,,,,
1,2020-02-28,1,0,38,0,,,,,,,,,,
1,2020-02-28,2,0,53,0,,,,,,,,,,
1,2020-02-28,3,0,104,0,,,,,,,,,,
1,2020-02-28,4,0,65,0,,,,,,,,,,
1,2020-02-28,5,0,29,0,,,,,,,,,,
1,2020-02-28,6,0,50,0,,,,,,,,,,
1,2020-02-29,0,0,283,0,0,0,145,138,0,0,,,,
1,2020-02-29,1,0,26,0,,,,,,,,,,
1,2020-02-29,2,0,26,0,,,,,,,,,,
1,2020-02-29,3,0,111,0,,,,,,,,,,
1,2020-02-29,4,0,56,0,,,,,,,,,,
1,2020-02-29,5,0,24,0,,,,,,,,,,
1,2020-02-29,6,0,40,0,,,,,,,,,,
1,2020-03-01,0,0,229,0,0,0,120,109,0,0,,,,
1,2020-03-01,1,0,14,0,,,,,,,,,,
1,2020-03-01,2,0,17,0,,,,,,,,,,
1,2020-03-01,3,0,103,0,,,,,,,,,,
1,2020-03-01,4,0,46,0,,,,,,,,,,
1,2020-03-01,5,0,20,0,,,,,,,,,,
1,2020-03-01,6,0,29,0,,,,,,,,,,
1,2020-03-02,0,0,278,0,0,0,130,148,0,0,,,,
1,2020-03-02,1,0,25,0,,,,,,,,,,
1,2020-03-02,2,0,21,0,,,,,,,,,,
1,2020-03-02,3,0,114,0,,,,,,,,,,
1,2020-03-02,4,0,50,0,,,,,,,,,,
1,2020-03-02,5,0,24,0,,,,,,,,,,
1,2020-03-02,6,0,44,0,,,,,,,,,,
1,2020-03-03,0,0,300,0,0,0,138,162,0,0,,,,
1,2020-03-03,1,0,28,0,,,,,,,,,,
1,2020-03-03,2,0,31,0,,,,,,,,,,
1,2020-03-03,3,0,121,0,,,,,,,,,,
1,2020-03-03,4,0,64,0,,,,,,,,,,
1,2020-03-03,5,0,20,0,,,,,,,,,,
1,2020-03-03,6,0,36,0,,,,,,,,,,
1,2020-03-04,0,0,278,0,0,0,148,130,0,0,,,,
1,2020-03-04,1,0,20,0,,,,,,,,,,
1,2020-03-04,2,0,21,0,,,,,,,,,,
1,2020-03-04,3,0,105,0,,,,,,,,,,
1,2020-03-04,4,0,65,0,,,,,,,,,,
1,2020-03-04,5,0,29,0,,,,,,,,,,
1,2020-03-04,6,0,38,0,,,,,,,,,,
1,2020-03-05,0,0,263,0,0,0,117,146,0,0,,,,
1,2020-03-05,1,0,31,0,,,,,,,,,,
1,2020-03-05,2,0,21,0,,,,,,,,,,
1,2020-03-05,3,0,90,0,,,,,,,,,,
1,2020-03-05,4,0,46,0,,,,,,,,,,
1,2020-03-05,5,0,27,0,,,,,,,,,,
1,2020-03-05,6,0,48,0,,,,,,,,,,
1,2020-03-06,0,0,270,0,0,0,139,131,0,0,,,,
1,2020-03-06,1,0,25,0,,,,,,,,,,
1,2020-03-06,2,0,24,0,,,,,,,,,,
1,2020-03-06,3,0,104,0,,,,,,,,,,
1,2020-03-06,4,0,48,0,,,,,,,,,,
1,2020-03-06,5,0,23,0,,,,,,,,,,
1,2020-03-06,6,0,46,0,,,,,,,,,,
1,2020-03-07,0,0,292,0,0,0,150,142,0,0,,,,
1,2020-03-07,1,0,29,0,,,,,,,,,,
1,2020-03-07,2,0,19,0,,,,,,,,,,
1,2020-03-07,3,0,111,0,,,,,,,,,,
1,2020-03-07,4,0,56,0,,,,,,,,,,
1,2020-03-07,5,0,34,0,,,,,,,,,,
1,2020-03-07,6,0,43,0,,,,,,,,,,
1,2020-03-08,0,0,248,0,0,0,140,107,0,0,,,,
1,2020-03-08,1,0,22,0,,,,,,,,,,
1,2020-03-08,2,0,34,0,,,,,,,,,,
1,2020-03-08,3,0,106,0,,,,,,,,,,
1,2020-03-08,4,0,42,0,,,,,,,,,,
1,2020-03-08,5,0,15,0,,,,,,,,,,
1,2020-03-08,6,0,29,0,,,,,,,,,,
1,2020-03-09,0,6,335,0,1,5,187,148,0,0,,,,
1,2020-03-09,1,0,33,0,,,,,,,,,,
1,2020-03-09,2,0,34,0,,,,,,,,,,
1,2020-03-09,3,2,134,0,,,,,,,,,,
1,2020-03-09,4,3,58,0,,,,,,,,,,
1,2020-03-09,5,0,36,0,,,,,,,,,,
1,2020-03-09,6,1,40,0,,,,,,,,,,
1,2020-03-10,0,0,250,0,0,0,138,112,0,0,,,,
1,2020-03-10,1,0,14,0,,,,,,,,,,
1,2020-03-10,2,0,24,0,,,,,,,,,,
1,2020-03-10,3,0,99,0,,,,,,,,,,
1,2020-03-10,4,0,51,0,,,,,,,,,,
1,2020-03-10,5,0,23,0,,,,,,,,,,
1,2020-03-10,6,0,39,0,,,,,,,,,,
1,2020-03-11,0,1,299,1,0,1,161,138,0,1,,,,
1,2020-03-11,1,0,19,0,,,,,,,,,,
1,2020-03-11,2,0,32,0,,,,,,,,,,
1,2020-03-11,3,1,114,1,,,,,,,,,,
1,2020-03-11,4,0,66,0,,,,,,,,,,
1,2020-03-11,5,0,27,0,,,,,,,,,,
1,2020-03-11,6,0,41,0,,,,,,,,,,
1,2020-03-12,0,5,272,1,1,4,157,115,0,1,,,,
1,2020-03-12,1,0,20,0,,,,,,,,,,
1,2020-03-12,2,0,45,0,,,,,,,,,,
1,2020-03-12,3,2,116,1,,,,,,,,,,
1,2020-03-12,4,2,49,0,,,,,,,,,,
1,2020-03-12,5,0,21,0,,,,,,,,,,
1,2020-03-12,6,1,21,0,,,,,,,,,,
1,2020-03-13,0,6,268,3,3,3,149,119,3,0,,,,
1,2020-03-13,1,1,25,0,,,,,,,,,,
1,2020-03-13,2,0,21,0,,,,,,,,,,
1,2020-03-13,3,1,96,0,,,,,,,,,,
1,2020-03-13,4,2,59,2,,,,,,,,,,
1,2020-03-13,5,0,30,0,,,,,,,,,,
1,2020-03-13,6,2,37,1,,,,,,,,,,
1,2020-03-14,0,7,240,3,3,4,138,102,2,1,,,,
1,2020-03-14,1,0,11,0,,,,,,,,,,
1,2020-03-14,2,0,34,0,,,,,,,,,,
1,2020-03-14,3,4,97,1,,,,,,,,,,
1,2020-03-14,4,1,50,0,,,,,,,,,,
1,2020-03-14,5,1,17,1,,,,,,,,,,
1,2020-03-14,6,1,31,1,,,,,,,,,,
1,2020-03-15,0,4,235,1,2,2,125,110,1,0,,,,
1,2020-03-15,1,0,24,0,,,,,,,,,,
1,2020-03-15,2,0,13,0,,,,,,,,,,
1,2020-03-15,3,1,97,0,,,,,,,,,,
1,2020-03-15,4,0,51,0,,,,,,,,,,
1,2020-03-15,5,1,20,0,,,,,,,,,,
1,2020-03-15,6,2,30,1,,,,,,,,,,
1,2020-03-16,0,2,206,0,1,1,114,92,0,0,,,,
1,2020-03-16,1,0,16,0,,,,,,,,,,
1,2020-03-16,2,0,20,0,,,,,,,,,,
1,2020-03-16,3,1,73,0,,,,,,,,,,
1,2020-03-16,4,1,48,0,,,,,,,,,,
1,2020-03-16,5,0,21,0,,,,,,,,,,
1,2020-03-16,6,0,28,0,,,,,,,,,,
1,2020-03-17,0,6,170,3,4,2,86,84,2,1,,,,
1,2020-03-17,1,0,20,0,,,,,,,,,,
1,2020-03-17,2,0,16,0,,,,,,,,,,
1,2020-03-17,3,1,66,0,,,,,,,,,,
1,2020-03-17,4,5,33,3,,,,,,,,,,
1,2020-03-17,5,0,10,0,,,,,,,,,,
1,2020-03-17,6,0,25,0,,,,,,,,,,
1,2020-03-18,0,24,208,3,8,16,104,104,2,1,,,,
1,2020-03-18,1,1,12,0,,,,,,,,,,
1,2020-03-18,2,1,20,0,,,,,,,,,,
1,2020-03-18,3,11,77,1,,,,,,,,,,
1,2020-03-18,4,8,57,1,,,,,,,,,,
1,2020-03-18,5,1,13,0,,,,,,,,,,
1,2020-03-18,6,2,29,1,,,,,,,,,,
1,2020-03-19,0,8,155,4,4,4,84,71,4,0,,,,
1,2020-03-19,1,0,4,0,,,,,,,,,,
1,2020-03-19,2,0,17,0,,,,,,,,,,
1,2020-03-19,3,2,50,0,,,,,,,,,,
1,2020-03-19,4,3,41,2,,,,,,,,,,
1,2020-03-19,5,2,13,2,,,,,,,,,,
1,2020-03-19,6,1,30,0,,,,,,,,,,
1,2020-03-20,0,11,165,8,7,4,81,84,5,3,,,,
1,2020-03-20,1,0,10,0,,,,,,,,,,
1,2020-03-20,2,0,16,0,,,,,,,,,,
1,2020-03-20,3,2,70,0,,,,,,,,,,
1,2020-03-20,4,3,29,3,,,,,,,,,,
1,2020-03-20,5,4,15,4,,,,,,,,,,
1,2020-03-20,6,2,25,1,,,,,,,,,,
1,2020-03-21,0,17,147,5,10,7,79,68,5,0,,,,
1,2020-03-21,1,0,11,0,,,,,,,,,,
1,2020-03-21,2,0,7,0,,,,,,,,,,
1,2020-03-21,3,8,54,2,,,,,,,,,,
1,2020-03-21,4,5,34,0,,,,,,,,,,
1,2020-03-21,5,2,14,2,,,,,,,,,,
1,2020-03-21,6,2,27,1,,,,,,,,,,
1,2020-03-22,0,21,145,12,8,13,67,78,7,5,,,,
1,2020-03-22,1,0,10,0,,,,,,,,,,
1,2020-03-22,2,0,6,0,,,,,,,,,,
1,2020-03-22,3,5,55,0,,,,,,,,,,
1,2020-03-22,4,8,29,6,,,,,,,,,,
1,2020-03-22,5,5,18,4,,,,,,,,,,
1,2020-03-22,6,3,27,2,,,,,,,,,,
1,2020-03-23,0,33,162,16,13,20,85,77,9,7,,,,
1,2020-03-23,1,0,6,0,,,,,,,,,,
1,2020-03-23,2,0,4,0,,,,,,,,,,
1,2020-03-23,3,14,57,3,,,,,,,,,,
1,2020-03-23,4,9,44,4,,,,,,,,,,
1,2020-03-23,5,6,24,5,,,,,,,,,,
1,2020-03-23,6,4,27,4,,,,,,,,,,
1,2020-03-24,0,24,167,8,12,12,89,78,6,2,,,,
1,2020-03-24,1,0,8,0,,,,,,,,,,
1,2020-03-24,2,0,13,0,,,,,,,,,,
1,2020-03-24,3,8,56,1,,,,,,,,,,
1,2020-03-24,4,10,46,4,,,,,,,,,,
1,2020-03-24,5,4,23,1,,,,,,,,,,
1,2020-03-24,6,2,21,2,,,,,,,,,,
1,2020-03-25,0,36,193,11,16,20,98,95,6,5,,,,
1,2020-03-25,1,0,6,0,,,,,,,,,,
1,2020-03-25,2,0,12,0,,,,,,,,,,
1,2020-03-25,3,12,60,2,,,,,,,,,,
1,2020-03-25,4,17,53,5,,,,,,,,,,
1,2020-03-25,5,5,26,3,,,,,,,,,,
1,2020-03-25,6,2,36,1,,,,,,,,,,
1,2020-03-26,0,25,169,15,13,12,84,85,10,5,,,,
1,2020-03-26,1,0,6,0,,,,,,,,,,
1,2020-03-26,2,0,11,0,,,,,,,,,,
1,2020-03-26,3,4,48,1,,,,,,,,,,
1,2020-03-26,4,9,45,5,,,,,,,,,,
1,2020-03-26,5,8,30,7,,,,,,,,,,
1,2020-03-26,6,4,29,2,,,,,,,,,,
1,2020-03-27,0,55,202,26,24,31,98,104,13,13,,,,
1,2020-03-27,1,0,10,0,,,,,,,,,,
1,2020-03-27,2,0,12,0,,,,,,,,,,
1,2020-03-27,3,17,63,5,,,,,,,,,,
1,2020-03-27,4,17,48,5,,,,,,,,,,
1,2020-03-27,5,12,27,9,,,,,,,,,,
1,2020-03-27,6,9,42,7,,,,,,,,,,
1,2020-03-28,0,22,175,5,6,16,81,94,2,3,,,,
1,2020-03-28,1,0,7,0,,,,,,,,,,
1,2020-03-28,2,0,10,0,,,,,,,,,,
1,2020-03-28,3,10,53,1,,,,,,,,,,
1,2020-03-28,4,9,55,1,,,,,,,,,,
1,2020-03-28,5,3,24,3,,,,,,,,,,
1,2020-03-28,6,0,26,0,,,,,,,,,,
1,2020-03-29,0,43,189,13,14,29,73,116,5,8,,,,
1,2020-03-29,1,0,10,0,,,,,,,,,,
1,2020-03-29,2,0,7,0,,,,,,,,,,
1,2020-03-29,3,15,67,1,,,,,,,,,,
1,2020-03-29,4,19,53,6,,,,,,,,,,
1,2020-03-29,5,4,20,3,,,,,,,,,,
1,2020-03-29,6,5,32,3,,,,,,,,,,
1,2020-03-30,0,51,188,20,23,28,88,100,10,10,,,,
1,2020-03-30,1,0,6,0,,,,,,,,,,
1,2020-03-30,2,1,7,0,,,,,,,,,,
1,2020-03-30,3,15,70,1,,,,,,,,,,
1,2020-03-30,4,17,46,4,,,,,,,,,,
1,2020-03-30,5,6,24,5,,,,,,,,,,
1,2020-03-30,6,12,35,10,,,,,,,,,,
1,2020-03-31,0,36,186,17,19,17,105,81,11,6,,,,
1,2020-03-31,1,1,8,0,,,,,,,,,,
1,2020-03-31,2,1,16,0,,,,,,,,,,
1,2020-03-31,3,16,68,3,,,,,,,,,,
1,2020-03-31,4,7,39,4,,,,,,,,,,
1,2020-03-31,5,2,19,1,,,,,,,,,,
1,2020-03-31,6,9,36,9,,,,,,,,,,
1,2020-04-01,0,31,176,14,13,18,87,89,5,9,,,,
1,2020-04-01,1,0,8,0,,,,,,,,,,
1,2020-04-01,2,0,7,0,,,,,,,,,,
1,2020-04-01,3,8,65,1,,,,,,,,,,
1,2020-04-01,4,14,46,6,,,,,,,,,,
1,2020-04-01,5,2,19,1,,,,,,,,,,
1,2020-04-01,6,7,31,6,,,,,,,,,,
1,2020-04-02,0,20,183,6,10,10,89,94,5,1,,,,
1,2020-04-02,1,0,13,0,,,,,,,,,,
1,2020-04-02,2,1,7,1,,,,,,,,,,
1,2020-04-02,3,8,64,1,,,,,,,,,,
1,2020-04-02,4,7,48,2,,,,,,,,,,
1,2020-04-02,5,2,23,0,,,,,,,,,,
1,2020-04-02,6,2,28,2,,,,,,,,,,
1,2020-04-03,0,37,180,20,16,21,88,92,10,10,,,,
1,2020-04-03,1,0,9,0,,,,,,,,,,
1,2020-04-03,2,1,14,0,,,,,,,,,,
1,2020-04-03,3,11,60,2,,,,,,,,,,
1,2020-04-03,4,12,47,7,,,,,,,,,,
1,2020-04-03,5,6,25,5,,,,,,,,,,
1,2020-04-03,6,7,25,6,,,,,,,,,,
1,2020-04-04,0,22,165,12,9,13,96,69,7,5,,,,
1,2020-04-04,1,0,4,0,,,,,,,,,,
1,2020-04-04,2,0,13,0,,,,,,,,,,
1,2020-04-04,3,8,56,2,,,,,,,,,,
1,2020-04-04,4,6,42,4,,,,,,,,,,
1,2020-04-04,5,3,24,1,,,,,,,,,,
1,2020-04-04,6,5,26,5,,,,,,,,,,
1,2020-04-05,0,12,160,1,3,9,81,79,0,1,,,,
1,2020-04-05,1,0,12,0,,,,,,,,,,
1,2020-04-05,2,0,5,0,,,,,,,,,,
1,2020-04-05,3,5,56,0,,,,,,,,,,
1,2020-04-05,4,4,45,0,,,,,,,,,,
1,2020-04-05,5,1,19,0,,,,,,,,,,
1,2020-04-05,6,2,23,1,,,,,,,,,,
1,2020-04-06,0,25,191,13,12,13,100,91,8,5,,,,
1,2020-04-06,1,1,8,1,,,,,,,,,,
1,2020-04-06,2,0,10,0,,,,,,,,,,
1,2020-04-06,3,5,66,0,,,,,,,,,,
1,2020-04-06,4,13,56,7,,,,,,,,,,
1,2020-04-06,5,2,19,1,,,,,,,,,,
1,2020-04-06,6,4,32,4,,,,,,,,,,
1,2020-04-07,0,27,165,16,16,11,86,79,11,5,,,,
1,2020-04-07,1,0,7,0,,,,,,,,,,
1,2020-04-07,2,0,9,0,,,,,,,,,,
1,2020-04-07,3,3,47,0,,,,,,,,,,
1,2020-04-07,4,8,41,5,,,,,,,,,,
1,2020-04-07,5,3,25,2,,,,,,,,,,
1,2020-04-07,6,13,36,9,,,,,,,,,,
1,2020-04-08,0,20,166,11,9,11,73,93,7,4,,,,
1,2020-04-08,1,0,7,0,,,,,,,,,,
1,2020-04-08,2,0,7,0,,,,,,,,,,
1,2020-04-08,3,3,53,1,,,,,,,,,,
1,2020-04-08,4,5,37,3,,,,,,,,,,
1,2020-04-08,5,7,29,3,,,,,,,,,,
1,2020-04-08,6,5,33,4,,,,,,,,,,
1,2020-04-09,0,20,176,7,8,12,94,82,3,4,,,,
1,2020-04-09,1,0,8,0,,,,,,,,,,
1,2020-04-09,2,0,6,0,,,,,,,,,,
1,2020-04-09,3,6,60,1,,,,,,,,,,
1,2020-04-09,4,9,60,3,,,,,,,,,,
1,2020-04-09,5,4,15,2,,,,,,,,,,
1,2020-04-09,6,1,27,1,,,,,,,,,,
1,2020-04-10,0,20,195,6,9,11,97,98,5,1,,,,
1,2020-04-10,1,0,12,0,,,,,,,,,,
1,2020-04-10,2,0,8,0,,,,,,,,,,
1,2020-04-10,3,10,66,1,,,,,,,,,,
1,2020-04-10,4,7,56,2,,,,,,,,,,
1,2020-04-10,5,1,19,1,,,,,,,,,,
1,2020-04-10,6,2,34,2,,,,,,,,,,
1,2020-04-11,0,17,180,4,5,12,92,88,1,3,,,,
1,2020-04-11,1,0,6,0,,,,,,,,,,
1,2020-04-11,2,2,21,0,,,,,,,,,,
1,2020-04-11,3,6,73,1,,,,,,,,,,
1,2020-04-11,4,6,40,2,,,,,,,,,,
1,2020-04-11,5,3,18,1,,,,,,,,,,
1,2020-04-11,6,0,22,0,,,,,,,,,,
1,2020-04-12,0,11,152,7,2,9,78,74,2,5,,,,
1,2020-04-12,1,0,9,0,,,,,,,,,,
1,2020-04-12,2,0,16,0,,,,,,,,,,
1,2020-04-12,3,4,46,1,,,,,,,,,,
1,2020-04-12,4,1,38,1,,,,,,,,,,
1,2020-04-12,5,2,19,1,,,,,,,,,,
1,2020-04-12,6,4,24,4,,,,,,,,,,
1,2020-04-13,0,20,148,13,6,14,74,74,5,8,,,,
1,2020-04-13,1,0,8,0,,,,,,,,,,
1,2020-04-13,2,0,11,0,,,,,,,,,,
1,2020-04-13,3,4,54,1,,,,,,,,,,
1,2020-04-13,4,5,32,2,,,,,,,,,,
1,2020-04-13,5,3,15,3,,,,,,,,,,
1,2020-04-13,6,8,28,7,,,,,,,,,,
1,2020-04-14,0,12,194,7,4,8,108,86,3,4,,,,
1,2020-04-14,1,0,12,0,,,,,,,,,,
1,2020-04-14,2,0,13,0,,,,,,,,,,
1,2020-04-14,3,4,62,1,,,,,,,,,,
1,2020-04-14,4,1,47,1,,,,,,,,,,
1,2020-04-14,5,3,27,1,,,,,,,,,,
1,2020-04-14,6,4,33,4,,,,,,,,,,
1,2020-04-15,0,9,179,3,4,5,90,89,0,3,,,,
1,2020-04-15,1,0,11,0,,,,,,,,,,
1,2020-04-15,2,0,9,0,,,,,,,,,,
1,2020-04-15,3,3,52,0,,,,,,,,,,
1,2020-04-15,4,3,53,2,,,,,,,,,,
1,2020-04-15,5,0,23,0,,,,,,,,,,
1,2020-04-15,6,3,31,1,,,,,,,,,,
1,2020-04-16,0,14,173,4,5,9,93,79,1,3,,,,
1,2020-04-16,1,0,10,0,,,,,,,,,,
1,2020-04-16,2,0,9,0,,,,,,,,,,
1,2020-04-16,3,6,64,1,,,,,,,,,,
1,2020-04-16,4,4,43,0,,,,,,,,,,
1,2020-04-16,5,0,18,0,,,,,,,,,,
1,2020-04-16,6,4,29,3,,,,,,,,,,
1,2020-04-17,0,14,179,5,2,12,89,90,0,5,,,,
1,2020-04-17,1,0,7,0,,,,,,,,,,
1,2020-04-17,2,0,14,0,,,,,,,,,,
1,2020-04-17,3,3,63,0,,,,,,,,,,
1,2020-04-17,4,4,44,1,,,,,,,,,,
1,2020-04-17,5,0,15,0,,,,,,,,,,
1,2020-04-17,6,7,36,4,,,,,,,,,,
1,2020-04-18,0,8,190,5,4,4,95,95,3,2,,,,
1,2020-04-18,1,0,13,0,,,,,,,,,,
1,2020-04-18,2,0,17,0,,,,,,,,,,
1,2020-04-18,3,2,62,0,,,,,,,,,,
1,2020-04-18,4,2,56,1,,,,,,,,,,
1,2020-04-18,5,0,17,0,,,,,,,,,,
1,2020-04-18,6,4,25,4,,,,,,,,,,
1,2020-04-19,0,13,135,4,6,7,73,62,2,2,,,,
1,2020-04-19,1,0,6,0,,,,,,,,,,
1,2020-04-19,2,0,11,0,,,,,,,,,,
1,2020-04-19,3,6,53,2,,,,,,,,,,
1,2020-04-19,4,5,27,0,,,,,,,,,,
1,2020-04-19,5,1,18,1,,,,,,,,,,
1,2020-04-19,6,1,20,1,,,,,,,,,,
1,2020-04-20,0,12,214,6,6,6,112,102,4,2,,,,
1,2020-04-20,1,0,9,0,,,,,,,,,,
1,2020-04-20,2,0,14,0,,,,,,,,,,
1,2020-04-20,3,4,72,0,,,,,,,,,,
1,2020-04-20,4,6,56,4,,,,,,,,,,
1,2020-04-20,5,1,25,1,,,,,,,,,,
1,2020-04-20,6,1,38,1,,,,,,,,,,
1,2020-04-21,0,14,171,6,10,4,86,84,4,2,,,,
1,2020-04-21,1,0,8,0,,,,,,,,,,
1,2020-04-21,2,0,11,0,,,,,,,,,,
1,2020-04-21,3,3,48,0,,,,,,,,,,
1,2020-04-21,4,6,50,3,,,,,,,,,,
1,2020-04-21,5,2,28,0,,,,,,,,,,
1,2020-04-21,6,3,26,3,,,,,,,,,,
1,2020-04-22,0,10,187,4,3,7,93,94,1,3,,,,
1,2020-04-22,1,0,9,0,,,,,,,,,,
1,2020-04-22,2,0,14,0,,,,,,,,,,
1,2020-04-22,3,3,70,0,,,,,,,,,,
1,2020-04-22,4,6,57,3,,,,,,,,,,
1,2020-04-22,5,1,15,1,,,,,,,,,,
1,2020-04-22,6,0,22,0,,,,,,,,,,
1,2020-04-23,0,14,216,6,6,8,115,101,4,2,,,,
1,2020-04-23,1,0,11,0,,,,,,,,,,
1,2020-04-23,2,0,12,0,,,,,,,,,,
1,2020-04-23,3,4,71,1,,,,,,,,,,
1,2020-04-23,4,2,48,1,,,,,,,,,,
1,2020-04-23,5,4,30,0,,,,,,,,,,
1,2020-04-23,6,4,44,4,,,,,,,,,,
1,2020-04-24,0,4,151,0,2,2,75,76,0,0,,,,
1,2020-04-24,1,0,13,0,,,,,,,,,,
1,2020-04-24,2,0,11,0,,,,,,,,,,
1,2020-04-24,3,2,47,0,,,,,,,,,,
1,2020-04-24,4,1,35,0,,,,,,,,,,
1,2020-04-24,5,0,18,0,,,,,,,,,,
1,2020-04-24,6,1,27,0,,,,,,,,,,
1,2020-04-25,0,5,170,2,3,2,84,86,2,0,,,,
1,2020-04-25,1,0,4,0,,,,,,,,,,
1,2020-04-25,2,0,13,0,,,,,,,,,,
1,2020-04-25,3,2,64,0,,,,,,,,,,
1,2020-04-25,4,1,41,0,,,,,,,,,,
1,2020-04-25,5,0,21,0,,,,,,,,,,
1,2020-04-25,6,2,27,2,,,,,,,,,,
1,2020-04-26,0,6,117,2,3,3,63,54,2,0,,,,
1,2020-04-26,1,0,14,0,,,,,,,,,,
1,2020-04-26,2,0,7,0,,,,,,,,,,
1,2020-04-26,3,3,49,0,,,,,,,,,,
1,2020-04-26,4,1,20,0,,,,,,,,,,
1,2020-04-26,5,0,12,0,,,,,,,,,,
1,2020-04-26,6,2,15,2,,,,,,,,,,
1,2020-04-27,0,10,175,4,3,7,97,78,3,1,,,,
1,2020-04-27,1,0,8,0,,,,,,,,,,
1,2020-04-27,2,1,9,0,,,,,,,,,,
1,2020-04-27,3,2,66,0,,,,,,,,,,
1,2020-04-27,4,3,39,2,,,,,,,,,,
1,2020-04-27,5,3,18,1,,,,,,,,,,
1,2020-04-27,6,1,35,1,,,,,,,,,,
1,2020-04-28,0,4,115,2,2,2,65,50,1,1,,,,
1,2020-04-28,1,0,4,0,,,,,,,,,,
1,2020-04-28,2,0,10,0,,,,,,,,,,
1,2020-04-28,3,1,38,0,,,,,,,,,,
1,2020-04-28,4,0,30,0,,,,,,,,,,
1,2020-04-28,5,2,14,2,,,,,,,,,,
1,2020-04-28,6,1,19,0,,,,,,,,,,
1,2020-04-29,0,8,143,5,3,5,75,68,2,3,,,,
1,2020-04-29,1,0,8,0,,,,,,,,,,
1,2020-04-29,2,0,4,0,,,,,,,,,,
1,2020-04-29,3,1,57,1,,,,,,,,,,
1,2020-04-29,4,3,33,2,,,,,,,,,,
1,2020-04-29,5,0,14,0,,,,,,,,,,
1,2020-04-29,6,4,27,2,,,,,,,,,,
1,2020-04-30,0,7,153,2,2,5,63,90,2,0,,,,
1,2020-04-30,1,0,3,0,,,,,,,,,,
1,2020-04-30,2,0,11,0,,,,,,,,,,
1,2020-04-30,3,3,60,0,,,,,,,,,,
1,2020-04-30,4,3,42,1,,,,,,,,,,
1,2020-04-30,5,0,15,0,,,,,,,,,,
1,2020-04-30,6,1,22,1,,,,,,,,,,
1,2020-05-01,0,10,103,5,4,6,54,49,2,3,,,,
1,2020-05-01,1,0,7,0,,,,,,,,,,
1,2020-05-01,2,0,7,0,,,,,,,,,,
1,2020-05-01,3,3,39,1,,,,,,,,,,
1,2020-05-01,4,2,29,1,,,,,,,,,,
1,2020-05-01,5,3,10,2,,,,,,,,,,
1,2020-05-01,6,2,11,1,,,,,,,,,,
1,2020-05-02,0,9,148,5,3,6,66,82,2,3,,,,
1,2020-05-02,1,0,10,0,,,,,,,,,,
1,2020-05-02,2,0,5,0,,,,,,,,,,
1,2020-05-02,3,2,46,0,,,,,,,,,,
1,2020-05-02,4,5,42,3,,,,,,,,,,
1,2020-05-02,5,0,18,0,,,,,,,,,,
1,2020-05-02,6,2,27,2,,,,,,,,,,
1,2020-05-03,0,6,131,2,4,2,67,64,2,0,,,,
1,2020-05-03,1,0,8,0,,,,,,,,,,
1,2020-05-03,2,0,10,0,,,,,,,,,,
1,2020-05-03,3,3,54,1,,,,,,,,,,
1,2020-05-03,4,2,29,0,,,,,,,,,,
1,2020-05-03,5,0,8,0,,,,,,,,,,
1,2020-05-03,6,1,22,1,,,,,,,,,,
1,2020-05-04,0,7,190,4,4,3,101,89,3,1,,,,
1,2020-05-04,1,0,13,0,,,,,,,,,,
1,2020-05-04,2,0,17,0,,,,,,,,,,
1,2020-05-04,3,3,60,1,,,,,,,,,,
1,2020-05-04,4,1,50,0,,,,,,,,,,
1,2020-05-04,5,0,24,0,,,,,,,,,,
1,2020-05-04,6,3,26,3,,,,,,,,,,
1,2020-05-05,0,9,216,6,5,4,114,102,3,3,,,,
1,2020-05-05,1,0,4,0,,,,,,,,,,
1,2020-05-05,2,1,18,1,,,,,,,,,,
1,2020-05-05,3,0,71,0,,,,,,,,,,
1,2020-05-05,4,4,60,1,,,,,,,,,,
1,2020-05-05,5,1,25,1,,,,,,,,,,
1,2020-05-05,6,3,38,3,,,,,,,,,,
1,2020-05-06,0,12,245,7,6,6,129,116,4,3,,,,
1,2020-05-06,1,0,20,0,,,,,,,,,,
1,2020-05-06,2,0,13,0,,,,,,,,,,
1,2020-05-06,3,1,84,1,,,,,,,,,,
1,2020-05-06,4,3,51,0,,,,,,,,,,
1,2020-05-06,5,0,24,0,,,,,,,,,,
1,2020-05-06,6,8,53,6,,,,,,,,,,
1,2020-05-07,0,10,221,4,5,5,112,109,1,3,,,,
1,2020-05-07,1,0,9,0,,,,,,,,,,
1,2020-05-07,2,0,19,0,,,,,,,,,,
1,2020-05-07,3,2,72,0,,,,,,,,,,
1,2020-05-07,4,3,55,0,,,,,,,,,,
1,2020-05-07,5,2,28,1,,,,,,,,,,
1,2020-05-07,6,3,38,3,,,,,,,,,,
1,2020-05-08,0,7,202,2,1,6,99,103,0,2,,,,
1,2020-05-08,1,0,14,0,,,,,,,,,,
1,2020-05-08,2,0,16,0,,,,,,,,,,
1,2020-05-08,3,5,75,1,,,,,,,,,,
1,2020-05-08,4,2,42,1,,,,,,,,,,
1,2020-05-08,5,0,28,0,,,,,,,,,,
1,2020-05-08,6,0,27,0,,,,,,,,,,
1,2020-05-09,0,8,214,6,5,3,107,107,4,2,,,,
1,2020-05-09,1,0,8,0,,,,,,,,,,
1,2020-05-09,2,0,13,0,,,,,,,,,,
1,2020-05-09,3,2,70,0,,,,,,,,,,
1,2020-05-09,4,0,51,0,,,,,,,,,,
1,2020-05-09,5,1,31,1,,,,,,,,,,
1,2020-05-09,6,5,41,5,,,,,,,,,,
1,2020-05-10,0,12,218,5,5,7,93,125,2,3,,,,
1,2020-05-10,1,0,10,0,,,,,,,,,,
1,2020-05-10,2,0,14,0,,,,,,,,,,
1,2020-05-10,3,5,77,1,,,,,,,,,,
1,2020-05-10,4,5,51,2,,,,,,,,,,
1,2020-05-10,5,0,25,0,,,,,,,,,,
1,2020-05-10,6,2,41,2,,,,,,,,,,
1,2020-05-11,0,7,207,2,3,4,102,105,0,2,,,,
1,2020-05-11,1,0,5,0,,,,,,,,,,
1,2020-05-11,2,0,12,0,,,,,,,,,,
1,2020-05-11,3,3,76,0,,,,,,,,,,
1,2020-05-11,4,2,50,0,,,,,,,,,,
1,2020-05-11,5,1,27,1,,,,,,,,,,
1,2020-05-11,6,1,37,1,,,,,,,,,,
1,2020-05-12,0,16,211,3,9,7,123,88,2,1,,,,
1,2020-05-12,1,0,8,0,,,,,,,,,,
1,2020-05-12,2,2,18,0,,,,,,,,,,
1,2020-05-12,3,8,73,1,,,,,,,,,,
1,2020-05-12,4,4,54,0,,,,,,,,,,
1,2020-05-12,5,1,20,1,,,,,,,,,,
1,2020-05-12,6,1,38,1,,,,,,,,,,
1,2020-05-13,0,13,206,3,8,5,96,110,1,2,,,,
1,2020-05-13,1,0,12,0,,,,,,,,,,
1,2020-05-13,2,0,10,0,,,,,,,,,,
1,2020-05-13,3,4,69,0,,,,,,,,,,
1,2020-05-13,4,3,50,0,,,,,,,,,,
1,2020-05-13,5,1,18,0,,,,,,,,,,
1,2020-05-13,6,5,47,3,,,,,,,,,,
1,2020-05-14,0,10,213,4,6,4,117,96,2,2,,,,
1,2020-05-14,1,0,8,0,,,,,,,,,,
1,2020-05-14,2,0,17,0,,,,,,,,,,
1,2020-05-14,3,4,62,0,,,,,,,,,,
1,2020-05-14,4,2,58,0,,,,,,,,,,
1,2020-05-14,5,1,20,1,,,,,,,,,,
1,2020-05-14,6,3,48,3,,,,,,,,,,
1,2020-05-15,0,8,230,1,2,6,117,113,0,1,,,,
1,2020-05-15,1,0,6,0,,,,,,,,,,
1,2020-05-15,2,0,11,0,,,,,,,,,,
1,2020-05-15,3,2,99,0,,,,,,,,,,
1,2020-05-15,4,2,49,0,,,,,,,,,,
1,2020-05-15,5,3,26,1,,,,,,,,,,
1,2020-05-15,6,1,39,0,,,,,,,,,,
1,2020-05-16,0,2,250,1,2,0,138,112,1,0,,,,
1,2020-05-16,1,0,11,0,,,,,,,,,,
1,2020-05-16,2,0,20,0,,,,,,,,,,
1,2020-05-16,3,0,91,0,,,,,,,,,,
1,2020-05-16,4,1,65,0,,,,,,,,,,
1,2020-05-16,5,0,32,0,,,,,,,,,,
1,2020-05-16,6,1,31,1,,,,,,,,,,
1,2020-05-17,0,5,230,1,2,3,122,108,1,0,,,,
1,2020-05-17,1,0,10,0,,,,,,,,,,
1,2020-05-17,2,0,20,0,,,,,,,,,,
1,2020-05-17,3,4,86,0,,,,,,,,,,
1,2020-05-17,4,0,60,0,,,,,,,,,,
1,2020-05-17,5,1,23,1,,,,,,,,,,
1,2020-05-17,6,0,31,0,,,,,,,,,,
1,2020-05-18,0,3,249,1,1,2,146,103,0,1,,,,
1,2020-05-18,1,0,22,0,,,,,,,,,,
1,2020-05-18,2,0,20,0,,,,,,,,,,
1,2020-05-18,3,0,87,0,,,,,,,,,,
1,2020-05-18,4,1,49,0,,,,,,,,,,
1,2020-05-18,5,0,28,0,,,,,,,,,,
1,2020-05-18,6,2,43,1,,,,,,,,,,
1,2020-05-19,0,7,214,3,4,3,127,87,3,0,,,,
1,2020-05-19,1,0,7,0,,,,,,,,,,
1,2020-05-19,2,1,19,0,,,,,,,,,,
1,2020-05-19,3,2,84,0,,,,,,,,,,
1,2020-05-19,4,1,48,1,,,,,,,,,,
1,2020-05-19,5,0,17,0,,,,,,,,,,
1,2020-05-19,6,3,39,2,,,,,,,,,,
1,2020-05-20,0,5,252,1,3,2,134,118,1,0,,,,
1,2020-05-20,1,0,13,0,,,,,,,,,,
1,2020-05-20,2,0,17,0,,,,,,,,,,
1,2020-05-20,3,3,91,0,,,,,,,,,,
1,2020-05-20,4,0,57,0,,,,,,,,,,
1,2020-05-20,5,0,29,0,,,,,,,,,,
1,2020-05-20,6,2,45,1,,,,,,,,,,
1,2020-05-21,0,0,241,0,0,0,146,95,0,0,,,,
1,2020-05-21,1,0,8,0,,,,,,,,,,
1,2020-05-21,2,0,26,0,,,,,,,,,,
1,2020-05-21,3,0,86,0,,,,,,,,,,
1,2020-05-21,4,0,66,0,,,,,,,,,,
1,2020-05-21,5,0,24,0,,,,,,,,,,
1,2020-05-21,6,0,31,0,,,,,,,,,,
1,2020-05-22,0,8,311,3,4,4,169,142,2,1,,,,
1,2020-05-22,1,0,15,0,,,,,,,,,,
1,2020-05-22,2,0,25,0,,,,,,,,,,
1,2020-05-22,3,4,111,1,,,,,,,,,,
1,2020-05-22,4,1,77,0,,,,,,,,,,
1,2020-05-22,5,1,45,0,,,,,,,,,,
1,2020-05-22,6,2,38,2,,,,,,,,,,
1,2020-05-23,0,0,202,0,0,0,103,99,0,0,,,,
1,2020-05-23,1,0,5,0,,,,,,,,,,
1,2020-05-23,2,0,15,0,,,,,,,,,,
1,2020-05-23,3,0,71,0,,,,,,,,,,
1,2020-05-23,4,0,54,0,,,,,,,,,,
1,2020-05-23,5,0,18,0,,,,,,,,,,
1,2020-05-23,6,0,39,0,,,,,,,,,,
1,2020-05-24,0,2,237,0,1,1,124,113,0,0,,,,
1,2020-05-24,1,0,13,0,,,,,,,,,,
1,2020-05-24,2,1,17,0,,,,,,,,,,
1,2020-05-24,3,1,82,0,,,,,,,,,,
1,2020-05-24,4,0,57,0,,,,,,,,,,
1,2020-05-24,5,0,28,0,,,,,,,,,,
1,2020-05-24,6,0,40,0,,,,,,,,,,
1,2020-05-25,0,4,289,4,1,3,148,141,1,3,,,,
1,2020-05-25,1,0,14,0,,,,,,,,,,
1,2020-05-25,2,0,15,0,,,,,,,,,,
1,2020-05-25,3,0,119,0,,,,,,,,,,
1,2020-05-25,4,0,65,0,,,,,,,,,,
1,2020-05-25,5,1,32,1,,,,,,,,,,
1,2020-05-25,6,3,44,3,,,,,,,,,,
1,2020-05-26,0,1,228,1,0,1,121,107,0,1,,,,
1,2020-05-26,1,0,14,0,,,,,,,,,,
1,2020-05-26,2,0,24,0,,,,,,,,,,
1,2020-05-26,3,0,78,0,,,,,,,,,,
1,2020-05-26,4,0,53,0,,,,,,,,,,
1,2020-05-26,5,0,20,0,,,,,,,,,,
1,2020-05-26,6,1,39,1,,,,,,,,,,
1,2020-05-27,0,1,270,1,1,0,160,110,1,0,,,,
1,2020-05-27,1,0,12,0,,,,,,,,,,
1,2020-05-27,2,0,27,0,,,,,,,,,,
1,2020-05-27,3,0,99,0,,,,,,,,,,
1,2020-05-27,4,0,58,0,,,,,,,,,,
1,2020-05-27,5,1,20,1,,,,,,,,,,
1,2020-05-27,6,0,54,0,,,,,,,,,,
1,2020-05-28,0,4,246,1,1,3,122,124,0,1,,,,
1,2020-05-28,1,0,13,0,,,,,,,,,,
1,2020-05-28,2,0,23,0,,,,,,,,,,
1,2020-05-28,3,2,88,0,,,,,,,,,,
1,2020-05-28,4,1,59,0,,,,,,,,,,
1,2020-05-28,5,0,22,0,,,,,,,,,,
1,2020-05-28,6,1,41,1,,,,,,,,,,
1,2020-05-29,0,3,282,2,2,1,144,138,1,1,,,,
1,2020-05-29,1,0,14,0,,,,,,,,,,
1,2020-05-29,2,0,25,0,,,,,,,,,,
1,2020-05-29,3,0,94,0,,,,,,,,,,
1,2020-05-29,4,1,71,0,,,,,,,,,,
1,2020-05-29,5,1,24,1,,,,,,,,,,
1,2020-05-29,6,1,54,1,,,,,,,,,,
1,2020-05-30,0,0,272,0,0,0,130,142,0,0,,,,
1,2020-05-30,1,0,15,0,,,,,,,,,,
1,2020-05-30,2,0,16,0,,,,,,,,,,
1,2020-05-30,3,0,104,0,,,,,,,,,,
1,2020-05-30,4,0,78,0,,,,,,,,,,
1,2020-05-30,5,0,26,0,,,,,,,,,,
1,2020-05-30,6,0,33,0,,,,,,,,,,
1,2020-05-31,0,3,284,2,2,1,148,136,2,0,,,,
1,2020-05-31,1,0,10,0,,,,,,,,,,
1,2020-05-31,2,0,23,0,,,,,,,,,,
1,2020-05-31,3,1,120,0,,,,,,,,,,
1,2020-05-31,4,0,63,0,,,,,,,,,,
1,2020-05-31,5,1,27,1,,,,,,,,,,
1,2020-05-31,6,1,41,1,,,,,,,,,,
1,2020-06-01,0,1,248,0,0,1,132,116,0,0,,,,
1,2020-06-01,1,0,12,0,,,,,,,,,,
1,2020-06-01,2,0,13,0,,,,,,,,,,
1,2020-06-01,3,0,110,0,,,,,,,,,,
1,2020-06-01,4,0,49,0,,,,,,,,,,
1,2020-06-01,5,0,23,0,,,,,,,,,,
1,2020-06-01,6,1,41,0,,,,,,,,,,
1,2020-06-02,0,1,244,1,0,1,147,97,0,1,,,,
1,2020-06-02,1,0,10,0,,,,,,,,,,
1,2020-06-02,2,0,17,0,,,,,,,,,,
1,2020-06-02,3,0,93,0,,,,,,,,,,
1,2020-06-02,4,0,60,0,,,,,,,,,,
1,2020-06-02,5,1,26,1,,,,,,,,,,
1,2020-06-02,6,0,38,0,,,,,,,,,,
1,2020-06-03,0,4,247,1,2,2,132,115,1,0,,,,
1,2020-06-03,1,0,9,0,,,,,,,,,,
1,2020-06-03,2,0,18,0,,,,,,,,,,
1,2020-06-03,3,2,91,0,,,,,,,,,,
1,2020-06-03,4,2,67,1,,,,,,,,,,
1,2020-06-03,5,0,17,0,,,,,,,,,,
1,2020-06-03,6,0,45,0,,,,,,,,,,
1,2020-06-04,0,0,225,0,0,0,121,104,0,0,,,,
1,2020-06-04,1,0,9,0,,,,,,,,,,
1,2020-06-04,2,0,16,0,,,,,,,,,,
1,2020-06-04,3,0,82,0,,,,,,,,,,
1,2020-06-04,4,0,53,0,,,,,,,,,,
1,2020-06-04,5,0,23,0,,,,,,,,,,
1,2020-06-04,6,0,42,0,,,,,,,,,,
1,2020-06-05,0,1,225,1,0,1,110,115,0,1,,,,
1,2020-06-05,1,0,8,0,,,,,,,,,,
1,2020-06-05,2,0,17,0,,,,,,,,,,
1,2020-06-05,3,0,88,0,,,,,,,,,,
1,2020-06-05,4,0,55,0,,,,,,,,,,
1,2020-06-05,5,1,18,1,,,,,,,,,,
1,2020-06-05,6,0,39,0,,,,,,,,,,
1,2020-06-06,0,0,225,0,0,0,112,113,0,0,,,,
1,2020-06-06,1,0,10,0,,,,,,,,,,
1,2020-06-06,2,0,17,0,,,,,,,,,,
1,2020-06-06,3,0,99,0,,,,,,,,,,
1,2020-06-06,4,0,46,0,,,,,,,,,,
1,2020-06-06,5,0,22,0,,,,,,,,,,
1,2020-06-06,6,0,31,0,,,,,,,,,,
1,2020-06-07,0,1,226,0,1,0,111,115,0,0,,,,
1,2020-06-07,1,0,10,0,,,,,,,,,,
1,2020-06-07,2,0,22,0,,,,,,,,,,
1,2020-06-07,3,0,98,0,,,,,,,,,,
1,2020-06-07,4,0,55,0,,,,,,,,,,
1,2020-06-07,5,1,15,0,,,,,,,,,,
1,2020-06-07,6,0,26,0,,,,,,,,,,
1,2020-06-08,0,3,306,2,2,1,172,134,1,1,,,,
1,2020-06-08,1,0,11,0,,,,,,,,,,
1,2020-06-08,2,0,14,0,,,,,,,,,,
1,2020-06-08,3,1,121,0,,,,,,,,,,
1,2020-06-08,4,0,67,0,,,,,,,,,,
1,2020-06-08,5,2,39,2,,,,,,,,,,
1,2020-06-08,6,0,54,0,,,,,,,,,,
1,2020-06-09,0,1,225,0,1,0,127,98,0,0,,,,
1,2020-06-09,1,0,6,0,,,,,,,,,,
1,2020-06-09,2,0,15,0,,,,,,,,,,
1,2020-06-09,3,1,91,0,,,,,,,,,,
1,2020-06-09,4,0,57,0,,,,,,,,,,
1,2020-06-09,5,0,23,0,,,,,,,,,,
1,2020-06-09,6,0,33,0,,,,,,,,,,
1,2020-06-10,0,0,207,0,0,0,102,105,0,0,,,,
1,2020-06-10,1,0,8,0,,,,,,,,,,
1,2020-06-10,2,0,17,0,,,,,,,,,,
1,2020-06-10,3,0,82,0,,,,,,,,,,
1,2020-06-10,4,0,49,0,,,,,,,,,,
1,2020-06-10,5,0,19,0,,,,,,,,,,
1,2020-06-10,6,0,32,0,,,,,,,,,,
1,2020-06-11,0,1,269,0,0,1,141,128,0,0,,,,
1,2020-06-11,1,0,15,0,,,,,,,,,,
1,2020-06-11,2,0,21,0,,,,,,,,,,
1,2020-06-11,3,1,112,0,,,,,,,,,,
1,2020-06-11,4,0,56,0,,,,,,,,,,
1,2020-06-11,5,0,22,0,,,,,,,,,,
1,2020-06-11,6,0,43,0,,,,,,,,,,
1,2020-06-12,0,1,249,0,0,1,133,116,0,0,,,,
1,2020-06-12,1,0,14,0,,,,,,,,,,
1,2020-06-12,2,0,22,0,,,,,,,,,,
1,2020-06-12,3,0,81,0,,,,,,,,,,
1,2020-06-12,4,1,71,0,,,,,,,,,,
1,2020-06-12,5,0,25,0,,,,,,,,,,
1,2020-06-12,6,0,36,0,,,,,,,,,,
1,2020-06-13,0,1,198,0,0,1,108,90,0,0,,,,
1,2020-06-13,1,0,14,0,,,,,,,,,,
1,2020-06-13,2,0,14,0,,,,,,,,,,
1,2020-06-13,3,0,81,0,,,,,,,,,,
1,2020-06-13,4,1,42,0,,,,,,,,,,
1,2020-06-13,5,0,17,0,,,,,,,,,,
1,2020-06-13,6,0,30,0,,,,,,,,,,
1,2020-06-14,0,3,276,2,2,1,143,133,1,1,,,,
1,2020-06-14,1,0,10,0,,,,,,,,,,
1,2020-06-14,2,0,33,0,,,,,,,,,,
1,2020-06-14,3,0,95,0,,,,,,,,,,
1,2020-06-14,4,2,65,1,,,,,,,,,,
1,2020-06-14,5,1,32,1,,,,,,,,,,
1,2020-06-14,6,0,41,0,,,,,,,,,,
1,2020-06-15,0,0,290,0,0,0,153,137,0,0,,,,
1,2020-06-15,1,0,9,0,,,,,,,,,,
1,2020-06-15,2,0,26,0,,,,,,,,,,
1,2020-06-15,3,0,116,0,,,,,,,,,,
1,2020-06-15,4,0,65,0,,,,,,,,,,
1,2020-06-15,5,0,30,0,,,,,,,,,,
1,2020-06-15,6,0,44,0,,,,,,,,,,
1,2020-06-16,0,0,256,0,0,0,154,102,0,0,,,,
1,2020-06-16,1,0,4,0,,,,,,,,,,
1,2020-06-16,2,0,30,0,,,,,,,,,,
1,2020-06-16,3,0,92,0,,,,,,,,,,
1,2020-06-16,4,0,66,0,,,,,,,,,,
1,2020-06-16,5,0,20,0,,,,,,,,,,
1,2020-06-16,6,0,44,0,,,,,,,,,,
1,2020-06-17,0,0,267,0,0,0,141,126,0,0,,,,
1,2020-06-17,1,0,11,0,,,,,,,,,,
1,2020-06-17,2,0,28,0,,,,,,,,,,
1,2020-06-17,3,0,104,0,,,,,,,,,,
1,2020-06-17,4,0,51,0,,,,,,,,,,
1,2020-06-17,5,0,24,0,,,,,,,,,,
1,2020-06-17,6,0,49,0,,,,,,,,,,
1,2020-06-18,0,0,299,0,0,0,145,154,0,0,,,,
1,2020-06-18,1,0,16,0,,,,,,,,,,
1,2020-06-18,2,0,29,0,,,,,,,,,,
1,2020-06-18,3,0,115,0,,,,,,,,,,
1,2020-06-18,4,0,69,0,,,,,,,,,,
1,2020-06-18,5,0,28,0,,,,,,,,,,
1,2020-06-18,6,0,42,0,,,,,,,,,,
1,2020-06-19,0,0,254,0,0,0,132,122,0,0,,,,
1,2020-06-19,1,0,15,0,,,,,,,,,,
1,2020-06-19,2,0,29,0,,,,,,,,,,
1,2020-06-19,3,0,93,0,,,,,,,,,,
1,2020-06-19,4,0,69,0,,,,,,,,,,
1,2020-06-19,5,0,19,0,,,,,,,,,,
1,2020-06-19,6,0,29,0,,,,,,,,,,
1,2020-06-20,0,0,240,0,0,0,136,104,0,0,,,,
1,2020-06-20,1,0,14,0,,,,,,,,,,
1,2020-06-20,2,0,26,0,,,,,,,,,,
1,2020-06-20,3,0,89,0,,,,,,,,,,
1,2020-06-20,4,0,62,0,,,,,,,,,,
1,2020-06-20,5,0,19,0,,,,,,,,,,
1,2020-06-20,6,0,30,0,,,,,,,,,,
1,2020-06-21,0,0,256,0,0,0,137,119,0,0,,,,
1,2020-06-21,1,0,14,0,,,,,,,,,,
1,2020-06-21,2,0,33,0,,,,,,,,,,
1,2020-06-21,3,0,110,0,,,,,,,,,,
1,2020-06-21,4,0,54,0,,,,,,,,,,
1,2020-06-21,5,0,16,0,,,,,,,,,,
1,2020-06-21,6,0,29,0,,,,,,,,,,
1,2020-06-22,0,0,267,0,0,0,150,117,0,0,,,,
1,2020-06-22,1,0,6,0,,,,,,,,,,
1,2020-06-22,2,0,26,0,,,,,,,,,,
1,2020-06-22,3,0,104,0,,,,,,,,,,
1,2020-06-22,4,0,61,0,,,,,,,,,,
1,2020-06-22,5,0,36,0,,,,,,,,,,
1,2020-06-22,6,0,34,0,,,,,,,,,,
1,2020-06-23,0,0,288,0,0,0,160,128,0,0,,,,
1,2020-06-23,1,0,11,0,,,,,,,,,,
1,2020-06-23,2,0,39,0,,,,,,,,,,
1,2020-06-23,3,0,113,0,,,,,,,,,,
1,2020-06-23,4,0,65,0,,,,,,,,,,
1,2020-06-23,5,0,21,0,,,,,,,,,,
1,2020-06-23,6,0,39,0,,,,,,,,,,
1,2020-06-24,0,3,278,1,2,1,156,122,0,1,,,,
1,2020-06-24,1,0,15,0,,,,,,,,,,
1,2020-06-24,2,0,33,0,,,,,,,,,,
1,2020-06-24,3,1,104,0,,,,,,,,,,
1,2020-06-24,4,1,55,0,,,,,,,,,,
1,2020-06-24,5,0,32,0,,,,,,,,,,
1,2020-06-24,6,1,39,1,,,,,,,,,,
1,2020-06-25,0,1,255,1,1,0,137,118,1,0,,,,
1,2020-06-25,1,0,13,0,,,,,,,,,,
1,2020-06-25,2,0,23,0,,,,,,,,,,
1,2020-06-25,3,0,100,0,,,,,,,,,,
1,2020-06-25,4,0,61,0,,,,,,,,,,
1,2020-06-25,5,0,28,0,,,,,,,,,,
1,2020-06-25,6,1,30,1,,,,,,,,,,
1,2020-06-26,0,0,286,0,0,0,144,142,0,0,,,,
1,2020-06-26,1,0,7,0,,,,,,,,,,
1,2020-06-26,2,0,31,0,,,,,,,,,,
1,2020-06-26,3,0,116,0,,,,,,,,,,
1,2020-06-26,4,0,57,0,,,,,,,,,,
1,2020-06-26,5,0,32,0,,,,,,,,,,
1,2020-06-26,6,0,43,0,,,,,,,,,,
1,2020-06-27,0,1,255,0,0,1,127,128,0,0,,,,
1,2020-06-27,1,0,11,0,,,,,,,,,,
1,2020-06-27,2,0,20,0,,,,,,,,,,
1,2020-06-27,3,0,104,0,,,,,,,,,,
1,2020-06-27,4,0,59,0,,,,,,,,,,
1,2020-06-27,5,0,24,0,,,,,,,,,,
1,2020-06-27,6,1,37,0,,,,,,,,,,
1,2020-06-28,0,1,239,1,1,0,125,114,1,0,,,,
1,2020-06-28,1,0,8,0,,,,,,,,,,
1,2020-06-28,2,0,30,0,,,,,,,,,,
1,2020-06-28,3,0,103,0,,,,,,,,,,
1,2020-06-28,4,0,48,0,,,,,,,,,,
1,2020-06-28,5,1,15,1,,,,,,,,,,
1,2020-06-28,6,0,35,0,,,,,,,,,,
1,2020-06-29,0,1,318,0,0,1,170,148,0,0,,,,
1,2020-06-29,1,0,15,0,,,,,,,,,,
1,2020-06-29,2,0,37,0,,,,,,,,,,
1,2020-06-29,3,1,125,0,,,,,,,,,,
1,2020-06-29,4,0,72,0,,,,,,,,,,
1,2020-06-29,5,0,29,0,,,,,,,,,,
1,2020-06-29,6,0,40,0,,,,,,,,,,
1,2020-06-30,0,1,244,0,1,0,132,112,0,0,,,,
1,2020-06-30,1,0,10,0,,,,,,,,,,
1,2020-06-30,2,0,25,0,,,,,,,,,,
1,2020-06-30,3,0,100,0,,,,,,,,,,
1,2020-06-30,4,0,56,0,,,,,,,,,,
1,2020-06-30,5,0,24,0,,,,,,,,,,
1,2020-06-30,6,1,29,0,,,,,,,,,,
1,2020-07-01,0,9,271,0,4,5,144,127,0,0,,,,
1,2020-07-01,1,0,9,0,,,,,,,,,,
1,2020-07-01,2,0,34,0,,,,,,,,,,
1,2020-07-01,3,2,98,0,,,,,,,,,,
1,2020-07-01,4,5,63,0,,,,,,,,,,
1,2020-07-01,5,2,26,0,,,,,,,,,,
1,2020-07-01,6,0,41,0,,,,,,,,,,
1,2020-07-02,0,1,254,0,1,0,145,109,0,0,,,,
1,2020-07-02,1,0,15,0,,,,,,,,,,
1,2020-07-02,2,0,26,0,,,,,,,,,,
1,2020-07-02,3,1,96,0,,,,,,,,,,
1,2020-07-02,4,0,66,0,,,,,,,,,,
1,2020-07-02,5,0,25,0,,,,,,,,,,
1,2020-07-02,6,0,26,0,,,,,,,,,,
1,2020-07-03,0,0,307,0,0,0,176,131,0,0,,,,
1,2020-07-03,1,0,22,0,,,,,,,,,,
1,2020-07-03,2,0,33,0,,,,,,,,,,
1,2020-07-03,3,0,117,0,,,,,,,,,,
1,2020-07-03,4,0,62,0,,,,,,,,,,
1,2020-07-03,5,0,31,0,,,,,,,,,,
1,2020-07-03,6,0,42,0,,,,,,,,,,
1,2020-07-04,0,2,247,1,1,1,124,123,0,1,,,,
1,2020-07-04,1,0,14,0,,,,,,,,,,
1,2020-07-04,2,0,30,0,,,,,,,,,,
1,2020-07-04,3,0,84,0,,,,,,,,,,
1,2020-07-04,4,0,54,0,,,,,,,,,,
1,2020-07-04,5,0,25,0,,,,,,,,,,
1,2020-07-04,6,2,40,1,,,,,,,,,,
1,2020-07-05,0,0,293,0,0,0,157,136,0,0,,,,
1,2020-07-05,1,0,16,0,,,,,,,,,,
1,2020-07-05,2,0,26,0,,,,,,,,,,
1,2020-07-05,3,0,111,0,,,,,,,,,,
1,2020-07-05,4,0,86,0,,,,,,,,,,
1,2020-07-05,5,0,17,0,,,,,,,,,,
1,2020-07-05,6,0,37,0,,,,,,,,,,
1,2020-07-06,0,0,297,0,0,0,173,124,0,0,,,,
1,2020-07-06,1,0,22,0,,,,,,,,,,
1,2020-07-06,2,0,27,0,,,,,,,,,,
1,2020-07-06,3,0,111,0,,,,,,,,,,
1,2020-07-06,4,0,69,0,,,,,,,,,,
1,2020-07-06,5,0,29,0,,,,,,,,,,
1,2020-07-06,6,0,39,0,,,,,,,,,,
1,2020-07-07,0,2,319,0,1,1,170,149,0,0,,,,
1,2020-07-07,1,0,24,0,,,,,,,,,,
1,2020-07-07,2,0,33,0,,,,,,,,,,
1,2020-07-07,3,2,118,0,,,,,,,,,,
1,2020-07-07,4,0,65,0,,,,,,,,,,
1,2020-07-07,5,0,36,0,,,,,,,,,,
1,2020-07-07,6,0,43,0,,,,,,,,,,
1,2020-07-08,0,2,259,1,1,1,133,126,1,0,,,,
1,2020-07-08,1,0,19,0,,,,,,,,,,
1,2020-07-08,2,0,22,0,,,,,,,,,,
1,2020-07-08,3,1,84,0,,,,,,,,,,
1,2020-07-08,4,0,69,0,,,,,,,,,,
1,2020-07-08,5,1,30,1,,,,,,,,,,
1,2020-07-08,6,0,35,0,,,,,,,,,,
1,2020-07-09,0,0,324,0,0,0,172,152,0,0,,,,
1,2020-07-09,1,0,17,0,,,,,,,,,,
1,2020-07-09,2,0,35,0,,,,,,,,,,
1,2020-07-09,3,0,128,0,,,,,,,,,,
1,2020-07-09,4,0,71,0,,,,,,,,,,
1,2020-07-09,5,0,22,0,,,,,,,,,,
1,2020-07-09,6,0,51,0,,,,,,,,,,
1,2020-07-10,0,0,297,0,0,0,154,143,0,0,,,,
1,2020-07-10,1,0,16,0,,,,,,,,,,
1,2020-07-10,2,0,26,0,,,,,,,,,,
1,2020-07-10,3,0,110,0,,,,,,,,,,
1,2020-07-10,4,0,67,0,,,,,,,,,,
1,2020-07-10,5,0,20,0,,,,,,,,,,
1,2020-07-10,6,0,58,0,,,,,,,,,,
1,2020-07-11,0,0,285,0,0,0,156,129,0,0,,,,
1,2020-07-11,1,0,23,0,,,,,,,,,,
1,2020-07-11,2,0,22,0,,,,,,,,,,
1,2020-07-11,3,0,102,0,,,,,,,,,,
1,2020-07-11,4,0,67,0,,,,,,,,,,
1,2020-07-11,5,0,29,0,,,,,,,,,,
1,2020-07-11,6,0,42,0,,,,,,,,,,
1,2020-07-12,0,0,252,0,0,0,128,124,0,0,,,,
1,2020-07-12,1,0,18,0,,,,,,,,,,
1,2020-07-12,2,0,28,0,,,,,,,,,,
1,2020-07-12,3,0,108,0,,,,,,,,,,
1,2020-07-12,4,0,44,0,,,,,,,,,,
1,2020-07-12,5,0,19,0,,,,,,,,,,
1,2020-07-12,6,0,35,0,,,,,,,,,,
1,2020-07-13,0,0,286,0,0,0,149,137,0,0,,,,
1,2020-07-13,1,0,19,0,,,,,,,,,,
1,2020-07-13,2,0,16,0,,,,,,,,,,
1,2020-07-13,3,0,100,0,,,,,,,,,,
1,2020-07-13,4,0,67,0,,,,,,,,,,
1,2020-07-13,5,0,38,0,,,,,,,,,,
1,2020-07-13,6,0,46,0,,,,,,,,,,
1,2020-07-14,0,0,259,0,0,0,146,112,0,0,,,,
1,2020-07-14,1,0,15,0,,,,,,,,,,
1,2020-07-14,2,0,23,0,,,,,,,,,,
1,2020-07-14,3,0,93,0,,,,,,,,,,
1,2020-07-14,4,0,59,0,,,,,,,,,,
1,2020-07-14,5,0,25,0,,,,,,,,,,
1,2020-07-14,6,0,44,0,,,,,,,,,,
1,2020-07-15,0,0,305,0,0,0,167,138,0,0,,,,
1,2020-07-15,1,0,13,0,,,,,,,,,,
1,2020-07-15,2,0,28,0,,,,,,,,,,
1,2020-07-15,3,0,124,0,,,,,,,,,,
1,2020-07-15,4,0,57,0,,,,,,,,,,
1,2020-07-15,5,0,39,0,,,,,,,,,,
1,2020-07-15,6,0,44,0,,,,,,,,,,
1,2020-07-16,0,7,328,1,3,4,182,146,0,1,,,,
1,2020-07-16,1,0,18,0,,,,,,,,,,
1,2020-07-16,2,0,35,0,,,,,,,,,,
1,2020-07-16,3,4,135,0,,,,,,,,,,
1,2020-07-16,4,1,80,0,,,,,,,,,,
1,2020-07-16,5,2,26,1,,,,,,,,,,
1,2020-07-16,6,0,34,0,,,,,,,,,,
1,2020-07-17,0,1,283,0,0,1,149,134,0,0,,,,
1,2020-07-17,1,0,12,0,,,,,,,,,,
1,2020-07-17,2,0,26,0,,,,,,,,,,
1,2020-07-17,3,0,110,0,,,,,,,,,,
1,2020-07-17,4,1,68,0,,,,,,,,,,
1,2020-07-17,5,0,28,0,,,,,,,,,,
1,2020-07-17,6,0,39,0,,,,,,,,,,
1,2020-07-18,0,3,270,2,3,0,149,121,2,0,,,,
1,2020-07-18,1,0,17,0,,,,,,,,,,
1,2020-07-18,2,0,32,0,,,,,,,,,,
1,2020-07-18,3,1,82,0,,,,,,,,,,
1,2020-07-18,4,2,65,2,,,,,,,,,,
1,2020-07-18,5,0,26,0,,,,,,,,,,
1,2020-07-18,6,0,48,0,,,,,,,,,,
1,2020-07-19,0,0,245,0,0,0,118,127,0,0,,,,
1,2020-07-19,1,0,14,0,,,,,,,,,,
1,2020-07-19,2,0,29,0,,,,,,,,,,
1,2020-07-19,3,0,77,0,,,,,,,,,,
1,2020-07-19,4,0,55,0,,,,,,,,,,
1,2020-07-19,5,0,27,0,,,,,,,,,,
1,2020-07-19,6,0,43,0,,,,,,,,,,
1,2020-07-20,0,0,290,0,0,0,164,126,0,0,,,,
1,2020-07-20,1,0,16,0,,,,,,,,,,
1,2020-07-20,2,0,27,0,,,,,,,,,,
1,2020-07-20,3,0,120,0,,,,,,,,,,
1,2020-07-20,4,0,69,0,,,,,,,,,,
1,2020-07-20,5,0,21,0,,,,,,,,,,
1,2020-07-20,6,0,37,0,,,,,,,,,,
1,2020-07-21,0,0,274,0,0,0,137,137,0,0,,,,
1,2020-07-21,1,0,14,0,,,,,,,,,,
1,2020-07-21,2,0,26,0,,,,,,,,,,
1,2020-07-21,3,0,114,0,,,,,,,,,,
1,2020-07-21,4,0,57,0,,,,,,,,,,
1,2020-07-21,5,0,29,0,,,,,,,,,,
1,2020-07-21,6,0,34,0,,,,,,,,,,
1,2020-07-22,0,2,272,0,1,1,137,135,0,0,,,,
1,2020-07-22,1,0,12,0,,,,,,,,,,
1,2020-07-22,2,0,29,0,,,,,,,,,,
1,2020-07-22,3,2,112,0,,,,,,,,,,
1,2020-07-22,4,0,56,0,,,,,,,,,,
1,2020-07-22,5,0,17,0,,,,,,,,,,
1,2020-07-22,6,0,46,0,,,,,,,,,,
1,2020-07-23,0,1,309,0,0,1,146,163,0,0,,,,
1,2020-07-23,1,0,21,0,,,,,,,,,,
1,2020-07-23,2,0,25,0,,,,,,,,,,
1,2020-07-23,3,1,110,0,,,,,,,,,,
1,2020-07-23,4,0,75,0,,,,,,,,,,
1,2020-07-23,5,0,28,0,,,,,,,,,,
1,2020-07-23,6,0,50,0,,,,,,,,,,
1,2020-07-24,0,1,295,0,0,1,158,137,0,0,,,,
1,2020-07-24,1,0,20,0,,,,,,,,,,
1,2020-07-24,2,0,35,0,,,,,,,,,,
1,2020-07-24,3,1,114,0,,,,,,,,,,
1,2020-07-24,4,0,59,0,,,,,,,,,,
1,2020-07-24,5,0,25,0,,,,,,,,,,
1,2020-07-24,6,0,42,0,,,,,,,,,,
1,2020-07-25,0,3,226,2,1,2,115,111,1,1,,,,
1,2020-07-25,1,0,15,0,,,,,,,,,,
1,2020-07-25,2,0,16,0,,,,,,,,,,
1,2020-07-25,3,1,83,1,,,,,,,,,,
1,2020-07-25,4,0,50,0,,,,,,,,,,
1,2020-07-25,5,0,28,0,,,,,,,,,,
1,2020-07-25,6,2,34,1,,,,,,,,,,
1,2020-07-26,0,1,244,0,1,0,132,112,0,0,,,,
1,2020-07-26,1,0,14,0,,,,,,,,,,
1,2020-07-26,2,0,26,0,,,,,,,,,,
1,2020-07-26,3,1,103,0,,,,,,,,,,
1,2020-07-26,4,0,40,0,,,,,,,,,,
1,2020-07-26,5,0,28,0,,,,,,,,,,
1,2020-07-26,6,0,33,0,,,,,,,,,,
1,2020-07-27,0,1,335,0,1,0,192,143,0,0,,,,
1,2020-07-27,1,0,19,0,,,,,,,,,,
1,2020-07-27,2,0,21,0,,,,,,,,,,
1,2020-07-27,3,1,150,0,,,,,,,,,,
1,2020-07-27,4,0,70,0,,,,,,,,,,
1,2020-07-27,5,0,32,0,,,,,,,,,,
1,2020-07-27,6,0,43,0,,,,,,,,,,
1,2020-07-28,0,0,298,0,0,0,147,151,0,0,,,,
1,2020-07-28,1,0,19,0,,,,,,,,,,
1,2020-07-28,2,0,30,0,,,,,,,,,,
1,2020-07-28,3,0,100,0,,,,,,,,,,
1,2020-07-28,4,0,73,0,,,,,,,,,,
1,2020-07-28,5,0,27,0,,,,,,,,,,
1,2020-07-28,6,0,49,0,,,,,,,,,,
1,2020-07-29,0,3,306,0,1,2,163,142,0,0,,,,
1,2020-07-29,1,0,23,0,,,,,,,,,,
1,2020-07-29,2,0,27,0,,,,,,,,,,
1,2020-07-29,3,3,117,0,,,,,,,,,,
1,2020-07-29,4,0,68,0,,,,,,,,,,
1,2020-07-29,5,0,26,0,,,,,,,,,,
1,2020-07-29,6,0,45,0,,,,,,,,,,
1,2020-07-30,0,2,283,0,2,0,139,144,0,0,,,,
1,2020-07-30,1,0,14,0,,,,,,,,,,
1,2020-07-30,2,0,32,0,,,,,,,,,,
1,2020-07-30,3,2,94,0,,,,,,,,,,
1,2020-07-30,4,0,57,0,,,,,,,,,,
1,2020-07-30,5,0,38,0,,,,,,,,,,
1,2020-07-30,6,0,48,0,,,,,,,,,,
1,2020-07-31,0,0,294,0,0,0,131,163,0,0,,,,
1,2020-07-31,1,0,17,0,,,,,,,,,,
1,2020-07-31,2,0,31,0,,,,,,,,,,
1,2020-07-31,3,0,124,0,,,,,,,,,,
1,2020-07-31,4,0,54,0,,,,,,,,,,
1,2020-07-31,5,0,32,0,,,,,,,,,,
1,2020-07-31,6,0,36,0,,,,,,,,,,
1,2020-08-01,0,4,298,2,3,1,168,130,2,0,,,,
1,2020-08-01,1,0,19,0,,,,,,,,,,
1,2020-08-01,2,0,20,0,,,,,,,,,,
1,2020-08-01,3,3,121,1,,,,,,,,,,
1,2020-08-01,4,1,69,1,,,,,,,,,,
1,2020-08-01,5,0,33,0,,,,,,,,,,
1,2020-08-01,6,0,36,0,,,,,,,,,,
1,2020-08-02,0,0,301,0,0,0,143,158,0,0,,,,
1,2020-08-02,1,0,17,0,,,,,,,,,,
1,2020-08-02,2,0,27,0,,,,,,,,,,
1,2020-08-02,3,0,128,0,,,,,,,,,,
1,2020-08-02,4,0,56,0,,,,,,,,,,
1,2020-08-02,5,0,34,0,,,,,,,,,,
1,2020-08-02,6,0,39,0,,,,,,,,,,
1,2020-08-03,0,1,327,0,1,0,175,152,0,0,,,,
1,2020-08-03,1,0,17,0,,,,,,,,,,
1,2020-08-03,2,0,22,0,,,,,,,,,,
1,2020-08-03,3,1,123,0,,,,,,,,,,
1,2020-08-03,4,0,73,0,,,,,,,,,,
1,2020-08-03,5,0,37,0,,,,,,,,,,
1,2020-08-03,6,0,55,0,,,,,,,,,,
1,2020-08-04,0,2,308,0,1,1,135,173,0,0,,,,
1,2020-08-04,1,0,17,0,,,,,,,,,,
1,2020-08-04,2,0,21,0,,,,,,,,,,
1,2020-08-04,3,1,111,0,,,,,,,,,,
1,2020-08-04,4,1,67,0,,,,,,,,,,
1,2020-08-04,5,0,36,0,,,,,,,,,,
1,2020-08-04,6,0,56,0,,,,,,,,,,
1,2020-08-05,0,1,303,1,0,1,163,140,0,1,,,,
1,2020-08-05,1,0,18,0,,,,,,,,,,
1,2020-08-05,2,0,26,0,,,,,,,,,,
1,2020-08-05,3,1,102,1,,,,,,,,,,
1,2020-08-05,4,0,77,0,,,,,,,,,,
1,2020-08-05,5,0,38,0,,,,,,,,,,
1,2020-08-05,6,0,42,0,,,,,,,,,,
1,2020-08-06,0,2,303,1,1,1,153,150,0,1,,,,
1,2020-08-06,1,0,21,0,,,,,,,,,,
1,2020-08-06,2,0,22,0,,,,,,,,,,
1,2020-08-06,3,1,105,0,,,,,,,,,,
1,2020-08-06,4,0,56,0,,,,,,,,,,
1,2020-08-06,5,0,47,0,,,,,,,,,,
1,2020-08-06,6,1,52,1,,,,,,,,,,
1,2020-08-07,0,3,293,1,3,0,147,146,1,0,,,,
1,2020-08-07,1,0,20,0,,,,,,,,,,
1,2020-08-07,2,0,26,0,,,,,,,,,,
1,2020-08-07,3,2,113,0,,,,,,,,,,
1,2020-08-07,4,0,65,0,,,,,,,,,,
1,2020-08-07,5,0,29,0,,,,,,,,,,
1,2020-08-07,6,1,40,1,,,,,,,,,,
1,2020-08-08,0,2,270,1,0,2,143,127,0,1,,,,
1,2020-08-08,1,0,16,0,,,,,,,,,,
1,2020-08-08,2,0,19,0,,,,,,,,,,
1,2020-08-08,3,0,107,0,,,,,,,,,,
1,2020-08-08,4,2,66,1,,,,,,,,,,
1,2020-08-08,5,0,20,0,,,,,,,,,,
1,2020-08-08,6,0,42,0,,,,,,,,,,
1,2020-08-09,0,0,265,0,0,0,127,138,0,0,,,,
1,2020-08-09,1,0,11,0,,,,,,,,,,
1,2020-08-09,2,0,16,0,,,,,,,,,,
1,2020-08-09,3,0,117,0,,,,,,,,,,
1,2020-08-09,4,0,61,0,,,,,,,,,,
1,2020-08-09,5,0,24,0,,,,,,,,,,
1,2020-08-09,6,0,36,0,,,,,,,,,,
1,2020-08-10,0,0,320,0,0,0,167,153,0,0,,,,
1,2020-08-10,1,0,13,0,,,,,,,,,,
1,2020-08-10,2,0,27,0,,,,,,,,,,
1,2020-08-10,3,0,128,0,,,,,,,,,,
1,2020-08-10,4,0,90,0,,,,,,,,,,
1,2020-08-10,5,0,26,0,,,,,,,,,,
1,2020-08-10,6,0,36,0,,,,,,,,,,
1,2020-08-11,0,0,307,0,0,0,161,146,0,0,,,,
1,2020-08-11,1,0,19,0,,,,,,,,,,
1,2020-08-11,2,0,34,0,,,,,,,,,,
1,2020-08-11,3,0,128,0,,,,,,,,,,
1,2020-08-11,4,0,55,0,,,,,,,,,,
1,2020-08-11,5,0,25,0,,,,,,,,,,
1,2020-08-11,6,0,46,0,,,,,,,,,,
1,2020-08-12,0,0,312,0,0,0,156,156,0,0,,,,
1,2020-08-12,1,0,19,0,,,,,,,,,,
1,2020-08-12,2,0,21,0,,,,,,,,,,
1,2020-08-12,3,0,112,0,,,,,,,,,,
1,2020-08-12,4,0,75,0,,,,,,,,,,
1,2020-08-12,5,0,28,0,,,,,,,,,,
1,2020-08-12,6,0,57,0,,,,,,,,,,
1,2020-08-13,0,0,291,0,0,0,146,145,0,0,,,,
1,2020-08-13,1,0,18,0,,,,,,,,,,
1,2020-08-13,2,0,32,0,,,,,,,,,,
1,2020-08-13,3,0,105,0,,,,,,,,,,
1,2020-08-13,4,0,66,0,,,,,,,,,,
1,2020-08-13,5,0,19,0,,,,,,,,,,
1,2020-08-13,6,0,51,0,,,,,,,,,,
1,2020-08-14,0,0,311,0,0,0,149,162,0,0,,,,
1,2020-08-14,1,0,14,0,,,,,,,,,,
1,2020-08-14,2,0,24,0,,,,,,,,,,
1,2020-08-14,3,0,127,0,,,,,,,,,,
1,2020-08-14,4,0,65,0,,,,,,,,,,
1,2020-08-14,5,0,34,0,,,,,,,,,,
1,2020-08-14,6,0,47,0,,,,,,,,,,
1,2020-08-15,0,1,278,0,0,1,155,123,0,0,,,,
1,2020-08-15,1,0,22,0,,,,,,,,,,
1,2020-08-15,2,1,29,0,,,,,,,,,,
1,2020-08-15,3,0,99,0,,,,,,,,,,
1,2020-08-15,4,0,46,0,,,,,,,,,,
1,2020-08-15,5,0,29,0,,,,,,,,,,
1,2020-08-15,6,0,53,0,,,,,,,,,,
1,2020-08-16,0,0,234,0,0,0,122,112,0,0,,,,
1,2020-08-16,1,0,9,0,,,,,,,,,,
1,2020-08-16,2,0,15,0,,,,,,,,,,
1,2020-08-16,3,0,115,0,,,,,,,,,,
1,2020-08-16,4,0,47,0,,,,,,,,,,
1,2020-08-16,5,0,18,0,,,,,,,,,,
1,2020-08-16,6,0,30,0,,,,,,,,,,
1,2020-08-17,0,1,333,1,1,0,155,178,1,0,,,,
1,2020-08-17,1,0,24,0,,,,,,,,,,
1,2020-08-17,2,0,28,0,,,,,,,,,,
1,2020-08-17,3,0,120,0,,,,,,,,,,
1,2020-08-17,4,1,74,1,,,,,,,,,,
1,2020-08-17,5,0,36,0,,,,,,,,,,
1,2020-08-17,6,0,51,0,,,,,,,,,,
1,2020-08-18,0,1,270,0,1,0,139,131,0,0,,,,
1,2020-08-18,1,0,7,0,,,,,,,,,,
1,2020-08-18,2,0,25,0,,,,,,,,,,
1,2020-08-18,3,1,114,0,,,,,,,,,,
1,2020-08-18,4,0,59,0,,,,,,,,,,
1,2020-08-18,5,0,22,0,,,,,,,,,,
1,2020-08-18,6,0,43,0,,,,,,,,,,
1,2020-08-19,0,1,278,0,1,0,150,128,0,0,,,,
1,2020-08-19,1,0,20,0,,,,,,,,,,
1,2020-08-19,2,0,32,0,,,,,,,,,,
1,2020-08-19,3,1,113,0,,,,,,,,,,
1,2020-08-19,4,0,55,0,,,,,,,,,,
1,2020-08-19,5,0,22,0,,,,,,,,,,
1,2020-08-19,6,0,36,0,,,,,,,,,,
1,2020-08-20,0,0,295,0,0,0,166,129,0,0,,,,
1,2020-08-20,1,0,11,0,,,,,,,,,,
1,2020-08-20,2,0,28,0,,,,,,,,,,
1,2020-08-20,3,0,111,0,,,,,,,,,,
1,2020-08-20,4,0,59,0,,,,,,,,,,
1,2020-08-20,5,0,39,0,,,,,,,,,,
1,2020-08-20,6,0,47,0,,,,,,,,,,
1,2020-08-21,0,3,299,1,1,2,149,150,1,0,,,,
1,2020-08-21,1,1,12,0,,,,,,,,,,
1,2020-08-21,2,0,32,0,,,,,,,,,,
1,2020-08-21,3,2,112,1,,,,,,,,,,
1,2020-08-21,4,0,62,0,,,,,,,,,,
1,2020-08-21,5,0,30,0,,,,,,,,,,
1,2020-08-21,6,0,51,0,,,,,,,,,,
1,2020-08-22,0,0,305,0,0,0,168,137,0,0,,,,
1,2020-08-22,1,0,14,0,,,,,,,,,,
1,2020-08-22,2,0,30,0,,,,,,,,,,
1,2020-08-22,3,0,127,0,,,,,,,,,,
1,2020-08-22,4,0,60,0,,,,,,,,,,
1,2020-08-22,5,0,33,0,,,,,,,,,,
1,2020-08-22,6,0,41,0,,,,,,,,,,
1,2020-08-23,0,0,255,0,0,0,153,102,0,0,,,,
1,2020-08-23,1,0,10,0,,,,,,,,,,
1,2020-08-23,2,0,18,0,,,,,,,,,,
1,2020-08-23,3,0,121,0,,,,,,,,,,
1,2020-08-23,4,0,50,0,,,,,,,,,,
1,2020-08-23,5,0,25,0,,,,,,,,,,
1,2020-08-23,6,0,31,0,,,,,,,,,,
1,2020-08-24,0,7,312,3,5,2,165,147,1,2,,,,
1,2020-08-24,1,0,11,0,,,,,,,,,,
1,2020-08-24,2,1,23,0,,,,,,,,,,
1,2020-08-24,3,2,138,0,,,,,,,,,,
1,2020-08-24,4,3,63,2,,,,,,,,,,
1,2020-08-24,5,0,40,0,,,,,,,,,,
1,2020-08-24,6,1,37,1,,,,,,,,,,
1,2020-08-25,0,3,267,1,1,2,146,121,0,1,,,,
1,2020-08-25,1,0,12,0,,,,,,,,,,
1,2020-08-25,2,0,27,0,,,,,,,,,,
1,2020-08-25,3,1,94,0,,,,,,,,,,
1,2020-08-25,4,1,58,0,,,,,,,,,,
1,2020-08-25,5,0,34,0,,,,,,,,,,
1,2020-08-25,6,1,42,1,,,,,,,,,,
1,2020-08-26,0,1,267,0,0,1,136,131,0,0,,,,
1,2020-08-26,1,0,20,0,,,,,,,,,,
1,2020-08-26,2,0,26,0,,,,,,,,,,
1,2020-08-26,3,0,106,0,,,,,,,,,,
1,2020-08-26,4,1,54,0,,,,,,,,,,
1,2020-08-26,5,0,32,0,,,,,,,,,,
1,2020-08-26,6,0,29,0,,,,,,,,,,
1,2020-08-27,0,4,289,1,1,3,154,135,0,1,,,,
1,2020-08-27,1,0,11,0,,,,,,,,,,
1,2020-08-27,2,0,43,0,,,,,,,,,,
1,2020-08-27,3,1,116,0,,,,,,,,,,
1,2020-08-27,4,3,60,1,,,,,,,,,,
1,2020-08-27,5,0,24,0,,,,,,,,,,
1,2020-08-27,6,0,35,0,,,,,,,,,,
1,2020-08-28,0,0,267,0,0,0,123,144,0,0,,,,
1,2020-08-28,1,0,13,0,,,,,,,,,,
1,2020-08-28,2,0,19,0,,,,,,,,,,
1,2020-08-28,3,0,124,0,,,,,,,,,,
1,2020-08-28,4,0,53,0,,,,,,,,,,
1,2020-08-28,5,0,20,0,,,,,,,,,,
1,2020-08-28,6,0,38,0,,,,,,,,,,
1,2020-08-29,0,6,219,1,4,2,114,105,1,0,,,,
1,2020-08-29,1,0,20,0,,,,,,,,,,
1,2020-08-29,2,0,23,0,,,,,,,,,,
1,2020-08-29,3,2,73,0,,,,,,,,,,
1,2020-08-29,4,3,45,0,,,,,,,,,,
1,2020-08-29,5,0,21,0,,,,,,,,,,
1,2020-08-29,6,1,37,1,,,,,,,,,,
1,2020-08-30,0,0,230,0,0,0,127,103,0,0,,,,
1,2020-08-30,1,0,11,0,,,,,,,,,,
1,2020-08-30,2,0,23,0,,,,,,,,,,
1,2020-08-30,3,0,106,0,,,,,,,,,,
1,2020-08-30,4,0,39,0,,,,,,,,,,
1,2020-08-30,5,0,24,0,,,,,,,,,,
1,2020-08-30,6,0,27,0,,,,,,,,,,
1,2020-08-31,0,1,257,0,0,1,145,112,0,0,,,,
1,2020-08-31,1,0,15,0,,,,,,,,,,
1,2020-08-31,2,0,18,0,,,,,,,,,,
1,2020-08-31,3,1,107,0,,,,,,,,,,
1,2020-08-31,4,0,57,0,,,,,,,,,,
1,2020-08-31,5,0,17,0,,,,,,,,,,
1,2020-08-31,6,0,43,0,,,,,,,,,,
1,2020-09-01,0,0,253,0,0,0,141,112,0,0,,,,
1,2020-09-01,1,0,12,0,,,,,,,,,,
1,2020-09-01,2,0,32,0,,,,,,,,,,
1,2020-09-01,3,0,89,0,,,,,,,,,,
1,2020-09-01,4,0,64,0,,,,,,,,,,
1,2020-09-01,5,0,20,0,,,,,,,,,,
1,2020-09-01,6,0,36,0,,,,,,,,,,
1,2020-09-02,0,9,272,1,5,4,151,121,1,0,,,,
1,2020-09-02,1,0,16,0,,,,,,,,,,
1,2020-09-02,2,0,37,0,,,,,,,,,,
1,2020-09-02,3,2,90,0,,,,,,,,,,
1,2020-09-02,4,6,74,1,,,,,,,,,,
1,2020-09-02,5,1,17,0,,,,,,,,,,
1,2020-09-02,6,0,38,0,,,,,,,,,,
1,2020-09-03,0,8,276,1,5,3,130,146,1,0,,,,
1,2020-09-03,1,1,18,0,,,,,,,,,,
1,2020-09-03,2,0,34,0,,,,,,,,,,
1,2020-09-03,3,5,96,0,,,,,,,,,,
1,2020-09-03,4,0,66,0,,,,,,,,,,
1,2020-09-03,5,0,33,0,,,,,,,,,,
1,2020-09-03,6,2,29,1,,,,,,,,,,
1,2020-09-04,0,3,320,0,0,3,166,154,0,0,,,,
1,2020-09-04,1,1,26,0,,,,,,,,,,
1,2020-09-04,2,0,26,0,,,,,,,,,,
1,2020-09-04,3,1,119,0,,,,,,,,,,
1,2020-09-04,4,0,66,0,,,,,,,,,,
1,2020-09-04,5,0,27,0,,,,,,,,,,
1,2020-09-04,6,1,56,0,,,,,,,,,,
1,2020-09-05,0,1,270,1,1,0,171,99,1,0,,,,
1,2020-09-05,1,0,18,0,,,,,,,,,,
1,2020-09-05,2,0,36,0,,,,,,,,,,
1,2020-09-05,3,0,93,0,,,,,,,,,,
1,2020-09-05,4,0,58,0,,,,,,,,,,
1,2020-09-05,5,0,27,0,,,,,,,,,,
1,2020-09-05,6,1,38,1,,,,,,,,,,
1,2020-09-06,0,4,272,1,2,2,150,122,0,1,,,,
1,2020-09-06,1,0,18,0,,,,,,,,,,
1,2020-09-06,2,0,43,0,,,,,,,,,,
1,2020-09-06,3,1,99,0,,,,,,,,,,
1,2020-09-06,4,0,56,0,,,,,,,,,,
1,2020-09-06,5,3,23,1,,,,,,,,,,
1,2020-09-06,6,0,33,0,,,,,,,,,,
1,2020-09-07,0,6,267,1,4,2,135,132,1,0,,,,
1,2020-09-07,1,0,19,0,,,,,,,,,,
1,2020-09-07,2,0,28,0,,,,,,,,,,
1,2020-09-07,3,3,106,1,,,,,,,,,,
1,2020-09-07,4,2,64,0,,,,,,,,,,
1,2020-09-07,5,0,21,0,,,,,,,,,,
1,2020-09-07,6,1,29,0,,,,,,,,,,
1,2020-09-08,0,4,265,2,1,3,140,125,0,2,,,,
1,2020-09-08,1,0,20,0,,,,,,,,,,
1,2020-09-08,2,0,41,0,,,,,,,,,,
1,2020-09-08,3,2,86,0,,,,,,,,,,
1,2020-09-08,4,1,63,1,,,,,,,,,,
1,2020-09-08,5,0,19,0,,,,,,,,,,
1,2020-09-08,6,1,36,1,,,,,,,,,,
1,2020-09-09,0,2,198,2,2,0,112,86,2,0,,,,
1,2020-09-09,1,0,16,0,,,,,,,,,,
1,2020-09-09,2,0,22,0,,,,,,,,,,
1,2020-09-09,3,1,59,1,,,,,,,,,,
1,2020-09-09,4,0,43,0,,,,,,,,,,
1,2020-09-09,5,1,25,1,,,,,,,,,,
1,2020-09-09,6,0,33,0,,,,,,,,,,
1,2020-09-10,0,4,286,0,0,4,157,129,0,0,,,,
1,2020-09-10,1,0,20,0,,,,,,,,,,
1,2020-09-10,2,0,53,0,,,,,,,,,,
1,2020-09-10,3,2,95,0,,,,,,,,,,
1,2020-09-10,4,2,65,0,,,,,,,,,,
1,2020-09-10,5,0,20,0,,,,,,,,,,
1,2020-09-10,6,0,33,0,,,,,,,,,,
1,2020-09-11,0,4,270,3,3,1,129,141,2,1,,,,
1,2020-09-11,1,0,16,0,,,,,,,,,,
1,2020-09-11,2,0,36,0,,,,,,,,,,
1,2020-09-11,3,2,90,1,,,,,,,,,,
1,2020-09-11,4,0,54,0,,,,,,,,,,
1,2020-09-11,5,0,27,0,,,,,,,,,,
1,2020-09-11,6,2,47,2,,,,,,,,,,
1,2020-09-12,0,9,267,2,6,3,144,123,2,0,,,,
1,2020-09-12,1,0,25,0,,,,,,,,,,
1,2020-09-12,2,1,33,0,,,,,,,,,,
1,2020-09-12,3,5,112,0,,,,,,,,,,
1,2020-09-12,4,3,51,2,,,,,,,,,,
1,2020-09-12,5,0,16,0,,,,,,,,,,
1,2020-09-12,6,0,30,0,,,,,,,,,,
1,2020-09-13,0,8,306,2,6,2,169,137,2,0,,,,
1,2020-09-13,1,0,24,0,,,,,,,,,,
1,2020-09-13,2,0,44,0,,,,,,,,,,
1,2020-09-13,3,0,131,0,,,,,,,,,,
1,2020-09-13,4,6,61,1,,,,,,,,,,
1,2020-09-13,5,1,13,1,,,,,,,,,,
1,2020-09-13,6,1,33,0,,,,,,,,,,
1,2020-09-14,0,6,310,1,3,3,168,142,1,0,,,,
1,2020-09-14,1,0,25,0,,,,,,,,,,
1,2020-09-14,2,1,35,0,,,,,,,,,,
1,2020-09-14,3,2,124,0,,,,,,,,,,
1,2020-09-14,4,3,72,1,,,,,,,,,,
1,2020-09-14,5,0,18,0,,,,,,,,,,
1,2020-09-14,6,0,36,0,,,,,,,,,,
1,2020-09-15,0,6,307,0,3,3,158,149,0,0,,,,
1,2020-09-15,1,0,18,0,,,,,,,,,,
1,2020-09-15,2,0,37,0,,,,,,,,,,
1,2020-09-15,3,4,139,0,,,,,,,,,,
1,2020-09-15,4,2,51,0,,,,,,,,,,
1,2020-09-15,5,0,27,0,,,,,,,,,,
1,2020-09-15,6,0,35,0,,,,,,,,,,
1,2020-09-16,0,8,356,3,5,3,197,159,1,2,,,,
1,2020-09-16,1,0,23,0,,,,,,,,,,
1,2020-09-16,2,0,54,0,,,,,,,,,,
1,2020-09-16,3,4,146,1,,,,,,,,,,
1,2020-09-16,4,1,72,1,,,,,,,,,,
1,2020-09-16,5,0,19,0,,,,,,,,,,
1,2020-09-16,6,3,42,1,,,,,,,,,,
1,2020-09-17,0,6,287,1,2,4,142,145,0,1,,,,
1,2020-09-17,1,0,18,0,,,,,,,,,,
1,2020-09-17,2,0,41,0,,,,,,,,,,
1,2020-09-17,3,4,117,0,,,,,,,,,,
1,2020-09-17,4,0,54,0,,,,,,,,,,
1,2020-09-17,5,1,23,0,,,,,,,,,,
1,2020-09-17,6,1,34,1,,,,,,,,,,
1,2020-09-18,0,8,320,2,4,4,154,166,1,1,,,,
1,2020-09-18,1,0,17,0,,,,,,,,,,
1,2020-09-18,2,1,42,1,,,,,,,,,,
1,2020-09-18,3,6,122,0,,,,,,,,,,
1,2020-09-18,4,0,72,0,,,,,,,,,,
1,2020-09-18,5,0,32,0,,,,,,,,,,
1,2020-09-18,6,1,35,1,,,,,,,,,,
1,2020-09-19,0,6,257,2,3,3,134,122,1,1,,,,
1,2020-09-19,1,0,18,0,,,,,,,,,,
1,2020-09-19,2,0,35,0,,,,,,,,,,
1,2020-09-19,3,3,109,0,,,,,,,,,,
1,2020-09-19,4,2,50,1,,,,,,,,,,
1,2020-09-19,5,0,18,0,,,,,,,,,,
1,2020-09-19,6,1,27,1,,,,,,,,,,
1,2020-09-20,0,7,267,3,2,5,152,115,0,3,,,,
1,2020-09-20,1,0,17,0,,,,,,,,,,
1,2020-09-20,2,0,23,0,,,,,,,,,,
1,2020-09-20,3,7,115,3,,,,,,,,,,
1,2020-09-20,4,0,48,0,,,,,,,,,,
1,2020-09-20,5,0,17,0,,,,,,,,,,
1,2020-09-20,6,0,47,0,,,,,,,,,,
1,2020-09-21,0,9,326,3,2,7,165,161,1,2,,,,
1,2020-09-21,1,0,21,0,,,,,,,,,,
1,2020-09-21,2,1,41,0,,,,,,,,,,
1,2020-09-21,3,3,130,0,,,,,,,,,,
1,2020-09-21,4,2,70,1,,,,,,,,,,
1,2020-09-21,5,0,25,0,,,,,,,,,,
1,2020-09-21,6,3,39,2,,,,,,,,,,
1,2020-09-22,0,1,297,0,0,1,158,139,0,0,,,,
1,2020-09-22,1,0,18,0,,,,,,,,,,
1,2020-09-22,2,0,43,0,,,,,,,,,,
1,2020-09-22,3,1,105,0,,,,,,,,,,
1,2020-09-22,4,0,67,0,,,,,,,,,,
1,2020-09-22,5,0,24,0,,,,,,,,,,
1,2020-09-22,6,0,40,0,,,,,,,,,,
1,2020-09-23,0,3,298,2,1,2,148,150,1,1,,,,
1,2020-09-23,1,0,21,0,,,,,,,,,,
1,2020-09-23,2,0,22,0,,,,,,,,,,
1,2020-09-23,3,0,118,0,,,,,,,,,,
1,2020-09-23,4,2,64,1,,,,,,,,,,
1,2020-09-23,5,1,27,1,,,,,,,,,,
1,2020-09-23,6,0,46,0,,,,,,,,,,
1,2020-09-24,0,6,307,2,5,1,157,150,2,0,,,,
1,2020-09-24,1,0,20,0,,,,,,,,,,
1,2020-09-24,2,0,50,0,,,,,,,,,,
1,2020-09-24,3,1,119,0,,,,,,,,,,
1,2020-09-24,4,1,50,1,,,,,,,,,,
1,2020-09-24,5,1,21,1,,,,,,,,,,
1,2020-09-24,6,3,47,0,,,,,,,,,,
1,2020-09-25,0,2,288,2,2,0,171,117,2,0,,,,
1,2020-09-25,1,0,29,0,,,,,,,,,,
